City_ID,City,Country,Lat,Lng,Max Temp,Humidity,Cloudiness,Wind Speed,Current Description
0,Waingapu,ID,-9.6567,120.2641,81.01,81,100,0.94,overcast clouds
1,Lagoa,PT,39.05,-27.9833,64.02,90,9,25.08,clear sky
2,Tasiilaq,GL,65.6145,-37.6368,32.16,64,15,6.6,few clouds
3,Busselton,AU,-33.65,115.3333,53.47,86,43,7.92,scattered clouds
4,Belen,TR,36.4891,36.2233,53.74,67,75,4.61,light rain
5,Bluff,NZ,-46.6,168.3333,58.8,67,100,3.24,overcast clouds
6,Port Elizabeth,ZA,-33.918,25.5701,63.32,79,0,11.5,clear sky
7,Qaanaaq,GL,77.484,-69.3632,-3.28,73,9,6.91,clear sky
8,Kaset Sombun,TH,16.2805,101.9542,76.19,76,86,1.99,overcast clouds
9,Leningradskiy,RU,69.3833,178.4167,6.24,92,100,3.56,overcast clouds
10,Chaman,PK,30.9236,66.4512,54.39,33,65,1.23,broken clouds
11,Ponta Do Sol,PT,32.6667,-17.1,70.43,72,100,4.34,overcast clouds
12,Bambous Virieux,MU,-20.3428,57.7575,71.85,60,40,8.05,scattered clouds
13,Mecca,SA,21.4267,39.8261,78.98,71,3,1.97,clear sky
14,Sistranda,NO,63.7256,8.834,42.76,55,0,26.6,clear sky
15,Hobart,AU,-42.8794,147.3294,46.26,75,75,14.97,broken clouds
16,Lisakovsk,KZ,52.5369,62.4936,18.79,89,100,12.06,overcast clouds
17,Igarka,RU,67.4667,86.5833,-22.49,92,18,7.67,few clouds
18,Khandyga,RU,62.6667,135.6,-38.22,100,100,1.3,overcast clouds
19,Longyearbyen,SJ,78.2186,15.6401,35.44,80,75,19.57,broken clouds
20,Port Hardy,CA,50.6996,-127.4199,42.98,81,75,4.61,broken clouds
21,Upernavik,GL,72.7868,-56.1549,18.86,90,100,9.95,light snow
22,Bathsheba,BB,13.2167,-59.5167,84.81,70,40,18.41,scattered clouds
23,Hithadhoo,MV,-0.6,73.0833,81.3,77,97,15.59,overcast clouds
24,Boundiali,CI,9.5217,-6.4869,80.35,43,100,1.07,overcast clouds
25,Cozumel,MX,20.5083,-86.9458,87.94,74,40,10.36,scattered clouds
26,Mar Del Plata,AR,-38.0023,-57.5575,76.82,35,0,13.8,clear sky
27,Talnakh,RU,69.4865,88.3972,-13.0,99,93,4.21,overcast clouds
28,Bad Lauterberg,DE,51.6327,10.4703,52.54,82,86,5.08,overcast clouds
29,Albany,US,42.6001,-73.9662,37.38,57,100,3.74,overcast clouds
30,Outjo,NA,-20.1167,16.15,74.68,24,40,6.46,scattered clouds
31,Lata,PT,40.1629,-8.3327,60.82,94,100,3.04,overcast clouds
32,Jieshi,CN,22.8134,115.8257,71.4,84,77,16.51,broken clouds
33,Ushirombo,TZ,-3.4919,31.9639,65.48,90,100,3.0,overcast clouds
34,Kapaa,US,22.0752,-159.319,79.12,63,40,12.66,scattered clouds
35,Klaksvik,FO,62.2266,-6.589,50.92,89,100,35.84,light rain
36,Thompson,CA,55.7435,-97.8558,14.16,92,20,5.75,few clouds
37,Mataura,NZ,-46.1927,168.8643,58.48,57,99,2.48,overcast clouds
38,Raudeberg,NO,61.9875,5.1352,53.87,57,77,9.01,broken clouds
39,Bredasdorp,ZA,-34.5322,20.0403,63.19,81,54,10.51,light rain
40,Yaan,NG,7.3833,8.5667,78.22,38,100,3.15,overcast clouds
41,Geraldton,AU,-28.7667,114.6,54.01,82,2,6.91,clear sky
42,Castro,BR,-24.7911,-50.0119,66.92,61,0,3.62,clear sky
43,Itoman,JP,26.1247,127.6694,71.62,81,100,11.5,overcast clouds
44,Dikson,RU,73.5069,80.5464,-8.91,99,15,5.3,few clouds
45,Severo-Kurilsk,RU,50.6789,156.125,34.5,80,96,22.01,light snow
46,Plettenberg Bay,ZA,-34.0527,23.3716,60.87,74,77,7.09,broken clouds
47,Vaini,TO,-21.2,-175.2,78.96,83,20,8.05,few clouds
48,Lebu,CL,-37.6167,-73.65,61.54,78,24,9.13,few clouds
49,Grabouw,ZA,-34.1515,19.0151,60.48,85,100,4.16,light rain
50,Rikitea,PF,-23.1203,-134.9692,74.82,81,100,17.47,overcast clouds
51,Tiksi,RU,71.6872,128.8694,-20.2,99,80,8.05,broken clouds
52,Okhotsk,RU,59.3833,143.3,2.35,64,7,10.2,clear sky
53,Aktash,RU,50.3,87.7333,12.97,91,84,3.87,broken clouds
54,Cape Town,ZA,-33.9258,18.4232,64.11,89,75,5.75,light rain
55,Sitka,US,57.0531,-135.33,48.09,87,75,0.0,broken clouds
56,Atuona,PF,-9.8,-139.0333,77.65,72,4,17.29,clear sky
57,Necochea,AR,-38.5473,-58.7368,67.41,52,0,6.8,clear sky
58,Ribeira Grande,PT,38.5167,-28.7,66.78,94,40,24.16,scattered clouds
59,Arraial Do Cabo,BR,-22.9661,-42.0278,78.66,89,100,12.66,moderate rain
60,New Norfolk,AU,-42.7826,147.0587,45.91,77,100,4.0,overcast clouds
61,Namibe,AO,-15.1961,12.1522,66.42,81,24,10.31,few clouds
62,Aloleng,PH,16.1307,119.7824,79.25,76,1,7.56,clear sky
63,Ushuaia,AR,-54.8,-68.3,64.06,29,75,12.66,broken clouds
64,Vostok,RU,46.4856,135.8833,10.49,95,83,3.91,broken clouds
65,Genhe,CN,50.7833,121.5167,-2.07,100,96,1.7,overcast clouds
66,Bria,CF,6.5423,21.9863,71.17,50,68,1.92,broken clouds
67,Carnarvon,AU,-24.8667,113.6333,69.98,75,0,13.6,clear sky
68,Barrow,US,71.2906,-156.7887,24.82,80,100,29.93,overcast clouds
69,Itarema,BR,-2.9248,-39.9167,78.94,69,24,15.86,few clouds
70,Nouadhibou,MR,20.931,-17.0347,80.58,32,0,13.8,clear sky
71,Punta Arenas,CL,-53.15,-70.9167,55.51,54,0,23.02,clear sky
72,Butaritari,KI,3.0707,172.7902,81.28,78,40,14.7,scattered clouds
73,Aplahoue,BJ,6.9333,1.6833,75.65,82,100,5.14,overcast clouds
74,Sakakah,SA,29.9697,40.2064,67.57,72,86,12.95,heavy intensity rain
75,Loei,TH,17.4167,101.5,62.49,91,72,2.28,broken clouds
76,Bethel,US,41.3712,-73.414,42.89,54,100,4.61,overcast clouds
77,Norman Wells,CA,65.282,-126.8329,10.44,85,75,5.75,broken clouds
78,Kununurra,AU,-15.7667,128.7333,80.58,89,100,3.44,overcast clouds
79,Hilo,US,19.7297,-155.09,81.25,68,0,6.91,clear sky
80,Ostrovnoy,RU,68.0531,39.5131,37.94,79,100,19.98,light rain
81,Severnyy,RU,50.677,36.5532,35.64,80,75,11.18,broken clouds
82,Khatanga,RU,71.9667,102.5,-8.23,97,99,12.03,overcast clouds
83,Aksu,CN,41.1231,80.2644,35.83,50,100,0.96,overcast clouds
84,Mahanje,TZ,-9.9333,35.3333,67.37,46,20,2.77,few clouds
85,Mahebourg,MU,-20.4081,57.7,71.89,60,40,8.05,scattered clouds
86,Nanortalik,GL,60.1432,-45.2371,28.47,85,100,16.28,light snow
87,Novyy Urengoy,RU,66.0833,76.6333,-13.0,95,12,7.18,few clouds
88,Saint-Philippe,RE,-21.3585,55.7679,67.59,75,34,9.15,light rain
89,Solnechnyy,RU,50.7214,136.6319,13.86,95,29,1.01,scattered clouds
90,Ozernovskiy,RU,51.5,156.5167,35.78,65,100,21.99,overcast clouds
91,Merbes-Le-Chateau,BE,50.3246,4.1661,54.05,80,100,1.99,overcast clouds
92,Hermanus,ZA,-34.4187,19.2345,61.81,82,100,6.8,light rain
93,Codrington,AU,-38.2667,141.9667,49.82,67,87,13.31,overcast clouds
94,Bengkulu,ID,-3.8004,102.2655,75.52,87,100,9.57,light rain
95,Nikolskoye,RU,59.7035,30.7861,35.49,84,100,6.24,overcast clouds
96,Ponta Delgada,PT,37.7333,-25.6667,65.5,88,75,17.27,broken clouds
97,Dudinka,RU,69.4058,86.1778,-15.72,100,98,2.44,overcast clouds
98,Opuwo,NA,-18.0607,13.84,70.81,31,0,7.09,clear sky
99,San Patricio,US,28.017,-97.5169,60.75,43,75,13.44,broken clouds
100,Avarua,CK,-21.2078,-159.775,77.05,61,40,12.66,scattered clouds
101,Muravlenko,RU,63.7898,74.523,-13.45,86,23,12.48,few clouds
102,Kodiak,US,57.79,-152.4072,42.31,75,40,6.91,scattered clouds
103,Chuy,UY,-33.6971,-53.4616,70.66,47,0,11.61,clear sky
104,Rudbar,AF,30.15,62.6,60.75,27,9,2.66,clear sky
105,Wanning,CN,18.8003,110.3967,75.36,92,30,4.61,scattered clouds
106,Nantucket,US,41.2835,-70.0995,46.54,69,88,6.08,overcast clouds
107,Buftea,RO,44.5614,25.9489,45.75,87,100,11.5,mist
108,Yerbogachen,RU,61.2767,108.0108,-1.55,97,100,7.7,light snow
109,Havoysund,NO,70.9963,24.6622,41.23,72,100,20.89,overcast clouds
110,Ruteng,ID,-8.6136,120.4721,62.83,91,64,0.72,broken clouds
111,Esperance,AU,-33.8667,121.9,53.06,82,3,15.12,clear sky
112,Alice Springs,AU,-23.7,133.8833,69.35,32,100,6.91,overcast clouds
113,Achit,RU,56.7985,57.8994,10.54,96,99,3.6,overcast clouds
114,Sussex,US,41.1834,-74.6663,40.59,60,100,6.91,overcast clouds
115,Brae,GB,60.3964,-1.353,50.92,87,100,43.37,light rain
116,Mount Gambier,AU,-37.8333,140.7667,47.1,84,58,6.67,light rain
117,Port Alfred,ZA,-33.5906,26.891,62.19,89,76,5.01,broken clouds
118,Tucuma,BR,-0.1833,-50.05,81.63,71,36,9.04,scattered clouds
119,Vila Franca Do Campo,PT,37.7167,-25.4333,65.19,92,50,10.02,scattered clouds
120,Basoko,CD,1.2391,23.616,71.29,96,100,3.98,overcast clouds
121,Qaqortoq,GL,60.7167,-46.0333,24.58,90,100,3.67,overcast clouds
122,Georgetown,MY,5.4112,100.3354,81.23,89,20,2.3,few clouds
123,Cidreira,BR,-30.1811,-50.2056,74.86,50,2,11.01,clear sky
124,Palmerston,AU,-12.486,130.9833,76.98,93,40,4.61,scattered clouds
125,Port Augusta,AU,-32.5,137.7667,54.54,54,8,8.01,clear sky
126,Sao Joao Da Barra,BR,-21.6403,-41.0511,80.69,93,100,17.18,moderate rain
127,Dumas,US,35.8656,-101.9732,39.54,56,0,10.36,clear sky
128,Rio Bueno,CL,-40.3167,-72.9667,64.54,49,100,7.0,overcast clouds
129,San Policarpo,PH,12.1791,125.5072,81.73,82,71,12.82,broken clouds
130,York,US,40.1254,-77.0,40.19,76,100,5.75,light rain
131,Puerto Ayora,EC,-0.7393,-90.3518,80.56,90,66,5.01,broken clouds
132,Zabol,AF,32.25,67.25,42.31,37,24,4.97,few clouds
133,Saldanha,ZA,-33.0117,17.9442,66.25,79,99,4.54,light rain
134,Hambantota,LK,6.1241,81.1185,77.07,86,100,6.73,overcast clouds
135,Coahuayana,MX,18.7333,-103.6833,88.41,50,57,6.29,broken clouds
136,Djenne,ML,13.9061,-4.5533,83.43,15,97,8.99,overcast clouds
137,Newport,GB,51.5877,-2.9984,48.74,89,41,16.42,scattered clouds
138,Airai,TL,-8.9266,125.4092,61.16,88,81,1.81,broken clouds
139,Mazagao,BR,-0.115,-51.2894,89.65,66,96,6.24,overcast clouds
140,San Cristobal,VE,7.7669,-72.225,78.98,68,84,4.25,broken clouds
141,Jamestown,US,42.097,-79.2353,36.99,72,100,8.05,snow
142,Ban Nahin,LA,18.2418,104.2122,72.99,88,33,3.0,scattered clouds
143,Altay,CN,47.8667,88.1167,31.89,82,100,3.78,light snow
144,Sao Filipe,CV,14.8961,-24.4956,75.96,72,67,6.69,broken clouds
145,Pevek,RU,69.7008,170.3133,-6.52,93,100,1.59,overcast clouds
146,Sisimiut,GL,66.9395,-53.6735,19.02,91,100,8.9,overcast clouds
147,Alofi,NU,-19.0595,-169.9187,82.29,78,75,9.22,broken clouds
148,Mahon,ES,39.8885,4.2658,68.56,83,20,17.27,few clouds
149,Olafsvik,IS,64.8945,-23.7142,43.3,89,100,13.44,light rain
150,Hasaki,JP,35.7333,140.8333,48.22,79,25,9.91,scattered clouds
151,Lunca,RO,43.8333,24.7667,45.28,76,80,0.6,broken clouds
152,Paamiut,GL,61.994,-49.6678,19.51,79,100,7.16,overcast clouds
153,Farah,AF,32.5,62.5,51.76,29,1,1.88,clear sky
154,Byron Bay,AU,-28.65,153.6167,66.94,52,0,7.47,clear sky
155,Janow Lubelski,PL,50.707,22.4104,43.23,80,99,2.98,overcast clouds
156,Ancud,CL,-41.8697,-73.8203,54.34,98,100,11.99,light rain
157,Dunedin,NZ,-45.8742,170.5036,61.81,97,100,1.99,overcast clouds
158,Zaozerne,UA,45.1582,33.2787,50.18,76,96,5.17,overcast clouds
159,Natal,BR,-5.795,-35.2094,81.25,69,20,13.8,few clouds
160,Bambanglipuro,ID,-7.95,110.2833,74.98,98,100,7.02,overcast clouds
161,Panaba,MX,21.2833,-88.2667,90.63,45,4,12.46,clear sky
162,Cherskiy,RU,68.75,161.3,-23.64,99,67,5.41,broken clouds
163,Ola,RU,59.5833,151.2833,1.08,75,0,7.61,clear sky
164,Kirakira,SB,-10.4544,161.9205,82.9,74,40,3.09,scattered clouds
165,Primorsko-Akhtarsk,RU,46.0497,38.1747,38.35,63,8,8.37,clear sky
166,Manggar,ID,-2.8833,108.2667,79.2,86,100,5.88,overcast clouds
167,Agadir,MA,30.4202,-9.5982,72.05,37,22,1.83,few clouds
168,Richards Bay,ZA,-28.783,32.0377,68.32,79,27,10.38,scattered clouds
169,Nieuw Amsterdam,SR,5.8833,-55.0833,91.56,71,40,6.91,scattered clouds
170,Lompoc,US,34.6391,-120.4579,70.02,60,0,10.36,clear sky
171,Sao Felix Do Xingu,BR,-6.6447,-51.995,75.49,94,100,1.54,moderate rain
172,Coquimbo,CL,-29.9533,-71.3436,69.53,60,40,10.36,scattered clouds
173,Constitucion,CL,-35.3333,-72.4167,65.53,64,7,16.96,clear sky
174,Beringovskiy,RU,63.05,179.3167,38.1,95,100,28.5,moderate rain
175,East London,ZA,-33.0153,27.9116,68.2,75,100,19.53,overcast clouds
176,Malindi,KE,-3.2175,40.1191,76.95,88,13,9.44,moderate rain
177,Los Llanos De Aridane,ES,28.6585,-17.9182,73.13,33,0,5.75,clear sky
178,Oleksandrivka,UA,48.9634,32.2349,39.16,87,24,11.14,few clouds
179,Morris,US,40.8334,-74.5329,41.95,59,75,5.01,broken clouds
180,Shingu,JP,33.7333,135.9833,50.4,68,0,7.23,clear sky
181,Kenai,US,60.5544,-151.2583,33.15,99,0,4.61,clear sky
182,Acarau,BR,-2.8856,-40.12,79.34,69,22,17.13,few clouds
183,Cairns,AU,-16.9167,145.7667,79.07,86,100,6.91,overcast clouds
184,Guerrero Negro,MX,27.9769,-114.0611,73.45,25,17,5.61,few clouds
185,Rawson,AR,-43.3002,-65.1023,79.18,31,2,10.4,clear sky
186,West Wendover,US,40.7391,-114.0733,36.61,52,0,4.61,clear sky
187,Kedrovyy,RU,56.1667,91.8167,34.21,93,87,8.79,light snow
188,Yellowknife,CA,62.456,-114.3525,23.52,80,100,18.41,light snow
189,Zyryanka,RU,65.75,150.85,-16.11,95,100,13.44,overcast clouds
190,Khed Brahma,IN,24.0333,73.05,68.36,42,0,5.7,clear sky
191,Paita,PE,-5.0892,-81.1144,65.34,79,100,16.4,overcast clouds
192,Souillac,MU,-20.5167,57.5167,71.98,60,40,8.05,scattered clouds
193,Menongue,AO,-14.6585,17.691,69.28,61,74,6.26,broken clouds
194,Mehamn,NO,71.0357,27.8492,40.91,87,75,17.27,broken clouds
195,Avera,US,33.194,-82.5271,62.11,89,96,3.96,overcast clouds
196,Husavik,IS,66.0449,-17.3389,44.28,90,100,9.31,overcast clouds
197,Virginia Beach,US,36.8529,-75.978,61.05,88,100,9.22,overcast clouds
198,Ilulissat,GL,69.2167,-51.1,23.02,93,75,4.61,light snow
199,Bridlington,GB,54.0831,-0.1919,51.03,92,99,5.01,overcast clouds
200,Mayumba,GA,-3.432,10.6554,77.77,79,86,7.83,overcast clouds
201,Burla,IN,21.5,83.8667,62.37,56,0,0.49,clear sky
202,Puerto Escondido,MX,15.85,-97.0667,84.79,68,12,5.66,few clouds
203,North Little Rock,US,34.7695,-92.2671,48.16,67,100,12.66,overcast clouds
204,Punta Alta,AR,-38.8759,-62.0736,78.39,37,0,6.91,clear sky
205,Hachinohe,JP,40.5,141.5,40.77,84,42,5.26,scattered clouds
206,Muros,ES,42.7762,-9.0603,58.08,90,100,15.99,overcast clouds
207,Zhangjiakou,CN,40.81,114.8794,34.02,55,10,0.16,clear sky
208,Falun,SE,60.6036,15.626,39.61,84,100,9.04,overcast clouds
209,Loiza,PR,18.4313,-65.8802,84.16,83,40,11.5,scattered clouds
210,Dhidhdhoo,MV,6.8833,73.1,80.98,78,98,8.41,overcast clouds
211,Juneau,US,58.3019,-134.4197,43.11,97,100,0.0,light rain
212,Torbay,CA,47.6666,-52.7314,36.88,80,75,16.11,broken clouds
213,Singaraja,ID,-8.112,115.0882,79.12,86,91,1.48,overcast clouds
214,Kaberamaido,UG,1.7389,33.1594,68.05,86,100,2.86,light rain
215,Windsor,CA,42.3001,-83.0165,39.52,88,100,9.22,moderate rain
216,Kurilsk,RU,45.2333,147.8833,39.58,92,100,4.79,overcast clouds
217,Yulara,AU,-25.2406,130.9889,67.89,57,100,12.93,light rain
218,Honiara,SB,-9.4333,159.95,81.91,79,47,0.83,scattered clouds
219,Tuatapere,NZ,-46.1333,167.6833,65.48,58,91,2.48,overcast clouds
220,Bom Jesus Da Lapa,BR,-13.255,-43.4181,79.7,62,75,4.99,broken clouds
221,Egvekinot,RU,66.3167,-179.1667,24.57,97,100,21.47,snow
222,Matara,LK,5.9485,80.5353,75.74,90,100,2.06,moderate rain
223,Sibolga,ID,1.7427,98.7792,74.26,93,100,1.97,light rain
224,Tornio,FI,65.8481,24.1466,21.22,70,69,3.78,broken clouds
225,Beyla,GN,8.6833,-8.6333,72.59,73,100,2.55,overcast clouds
226,Katsuura,JP,35.1333,140.3,54.79,81,2,9.13,clear sky
227,Vanimo,PG,-2.6741,141.3028,76.32,89,97,4.65,overcast clouds
228,El Alto,PE,-4.2714,-81.2147,69.46,75,99,13.56,overcast clouds
229,Umm Kaddadah,SD,13.6017,26.6876,71.49,20,4,13.13,clear sky
230,Salinas,US,36.6777,-121.6555,68.95,48,0,8.05,clear sky
231,Beloha,MG,-25.1667,45.05,73.89,79,99,3.62,overcast clouds
232,Xining,CN,36.6167,101.7667,31.96,64,1,1.81,clear sky
233,Porbandar,IN,21.6422,69.6093,77.85,68,0,8.25,clear sky
234,Ajdabiya,LY,30.7554,20.2263,64.85,72,0,4.05,clear sky
235,Turukhansk,RU,65.8167,87.9833,-19.89,89,10,5.7,clear sky
236,Luderitz,NA,-26.6481,15.1594,59.27,82,5,10.22,clear sky
237,Kandrian,PG,-6.2167,149.55,78.8,85,83,5.44,broken clouds
238,Chokurdakh,RU,70.6333,147.9167,-35.61,100,51,1.43,broken clouds
239,Porto Walter,BR,-8.2686,-72.7439,91.65,46,100,1.81,light rain
240,Warrington,GB,53.3925,-2.5802,48.45,93,0,2.3,heavy intensity rain
241,Mutata,CO,7.2441,-76.4356,80.29,92,100,1.7,overcast clouds
242,Faanui,PF,-16.4833,-151.75,78.46,77,98,1.36,light rain
243,Vestmannaeyjar,IS,63.4427,-20.2734,47.08,83,100,21.7,overcast clouds
244,Kahului,US,20.8947,-156.47,78.96,82,75,12.66,broken clouds
245,Pisco,PE,-13.7,-76.2167,73.45,56,0,21.85,clear sky
246,Lovington,US,32.944,-103.3485,47.32,34,100,1.99,overcast clouds
247,Tuktoyaktuk,CA,69.4541,-133.0374,-5.8,84,20,6.91,few clouds
248,Faya,SA,18.3851,42.4509,59.11,81,23,4.0,few clouds
249,Acapulco,MX,16.8634,-99.8901,85.82,66,0,11.5,clear sky
250,Washington,US,47.5001,-120.5015,45.19,66,16,2.73,few clouds
251,Rongcheng,CN,30.634,117.8517,48.31,86,84,3.62,broken clouds
252,Iberia,US,29.9502,-91.7507,51.87,66,100,18.41,overcast clouds
253,Majenang,ID,-7.2975,108.7642,74.43,98,100,1.86,overcast clouds
254,Stawell,AU,-37.05,142.7667,44.22,77,82,6.29,broken clouds
255,Narsaq,GL,60.9167,-46.05,30.42,96,100,3.74,light snow
256,Kupang,ID,-10.1667,123.5833,79.43,86,99,3.78,overcast clouds
257,Griffin,US,33.2468,-84.2641,53.26,95,100,6.91,light intensity drizzle
258,Salta,AR,-24.7859,-65.4117,86.59,33,20,14.97,few clouds
259,Emerald,AU,-23.5333,148.1667,72.34,46,68,18.45,broken clouds
260,Traverse City,US,44.7631,-85.6206,34.84,98,100,1.99,overcast clouds
261,Beaufort,MY,5.3473,115.7455,74.21,96,100,2.26,heavy intensity rain
262,Jijiga,ET,9.35,42.8,57.74,38,1,6.38,clear sky
263,Liberal,US,37.0431,-100.921,37.54,60,0,14.97,clear sky
264,Birao,CF,10.2849,22.7882,73.27,27,85,5.23,overcast clouds
265,Burns Lake,CA,54.2331,-125.7533,24.22,75,95,0.74,overcast clouds
266,Along,IN,28.1667,94.7667,54.37,78,16,1.83,few clouds
267,Rio Negrinho,BR,-26.2544,-49.5183,72.95,59,0,2.08,clear sky
268,Alto Piquiri,BR,-24.0281,-53.4406,70.63,63,0,7.65,clear sky
269,Lorengau,PG,-2.0226,147.2712,81.32,75,97,1.77,overcast clouds
270,Hamilton,US,39.1834,-84.5333,42.76,86,100,3.44,mist
271,Dingle,PH,10.9995,122.6711,75.56,93,63,6.26,broken clouds
272,Petilia Policastro,IT,39.1139,16.7855,55.99,51,63,6.06,broken clouds
273,Kyshtovka,RU,56.555,76.6271,28.33,95,100,9.4,overcast clouds
274,Lolodorf,CM,3.2333,10.7333,70.83,98,94,1.97,overcast clouds
275,Port Hedland,AU,-20.3167,118.5667,73.45,100,75,3.44,moderate rain
276,Tarnogskiy Gorodok,RU,60.4997,43.5761,20.34,73,96,2.66,overcast clouds
277,Estevan,CA,49.1334,-102.9842,11.21,85,40,4.61,scattered clouds
278,Saint-Augustin,CA,51.226,-58.6502,23.32,81,94,7.16,overcast clouds
279,Danielskuil,ZA,-28.1887,23.5395,72.0,41,83,16.73,broken clouds
280,The Valley,AI,18.217,-63.0578,84.06,78,20,14.97,few clouds
281,Rio Gallegos,AR,-51.6226,-69.2181,71.65,15,40,24.16,scattered clouds
282,Sandnessjoen,NO,66.0217,12.6316,41.41,58,0,6.91,clear sky
283,Bone,DE,51.9669,12.1396,48.88,83,98,7.45,overcast clouds
284,Iringa,TZ,-7.7667,35.7,65.32,48,8,8.93,clear sky
285,Berdigestyakh,RU,62.0989,126.6992,-38.18,100,100,1.16,overcast clouds
286,Weligama,LK,5.9667,80.4167,75.6,89,100,2.08,moderate rain
287,Medowie,AU,-32.7333,151.8667,61.83,57,0,8.05,clear sky
288,Dalmatovo,RU,56.26,62.9362,10.4,91,100,12.39,overcast clouds
289,Bafoulabe,ML,13.8065,-10.8321,83.35,49,100,1.86,overcast clouds
290,Asyut,EG,27.181,31.1837,62.78,40,0,8.41,clear sky
291,Taua,BR,-5.9667,-40.3,86.09,37,21,5.91,few clouds
292,Soma,TR,39.1855,27.6094,47.8,83,1,2.8,clear sky
293,Atlantic City,US,39.3643,-74.4229,53.98,67,100,8.01,overcast clouds
294,Tyrma,RU,50.0833,132.1667,11.25,97,100,0.96,light snow
295,Rumonge,BI,-3.9736,29.4386,70.32,83,98,3.33,overcast clouds
296,Boa Vista,BR,2.8197,-60.6733,89.58,55,40,8.05,scattered clouds
297,Fernandina Beach,US,30.6697,-81.4626,80.69,71,0,9.22,clear sky
298,Sept-Iles,CA,50.2001,-66.3821,26.6,71,75,8.05,broken clouds
299,Halkirk,CA,52.2834,-112.1518,35.17,84,53,16.93,broken clouds
300,Deputatskiy,RU,69.3,139.9,-31.81,99,17,4.23,few clouds
301,Aklavik,CA,68.2191,-135.0107,3.33,94,34,7.76,scattered clouds
302,Fortuna,US,40.5982,-124.1573,60.93,66,0,3.44,clear sky
303,Kropotkin,RU,45.4375,40.5756,35.33,60,0,6.98,clear sky
304,Selma,US,36.5708,-119.6121,63.34,50,0,3.44,clear sky
305,Bayan,CN,46.0833,127.4,23.05,85,100,6.4,overcast clouds
306,Ornskoldsvik,SE,63.2909,18.7153,23.95,100,11,3.44,few clouds
307,Mount Isa,AU,-20.7333,139.5,73.17,25,55,14.97,broken clouds
308,Kargopol,RU,61.5071,38.9456,27.77,97,98,2.68,light snow
309,Hobyo,SO,5.3505,48.5268,80.02,76,36,11.86,scattered clouds
310,Ust-Omchug,RU,61.15,149.6333,-24.18,96,65,2.89,broken clouds
311,Rawlins,US,41.7911,-107.2387,24.69,58,75,13.8,broken clouds
312,La Tuque,CA,47.4334,-72.7824,28.65,64,100,3.44,overcast clouds
313,Pitimbu,BR,-7.4706,-34.8086,81.19,78,54,9.95,broken clouds
314,Fernley,US,39.608,-119.2518,47.05,37,0,3.0,clear sky
315,Swift Current,CA,50.2834,-107.8014,25.61,93,0,9.22,clear sky
316,Puksoozero,RU,62.5903,40.6066,26.13,91,95,1.77,overcast clouds
317,Bandarbeyla,SO,9.4942,50.8122,78.96,74,11,16.28,few clouds
318,Coihaique,CL,-45.5752,-72.0662,61.41,44,40,10.36,scattered clouds
319,Iqaluit,CA,63.7506,-68.5145,1.13,77,20,16.11,few clouds
320,Tabou,CI,4.423,-7.3528,78.01,83,4,4.81,light rain
321,Chernyshevskiy,RU,63.0128,112.4714,-16.74,93,100,6.67,overcast clouds
322,Fort Nelson,CA,58.8053,-122.7002,36.95,69,75,0.0,broken clouds
323,Ngong,KE,-1.3618,36.6566,61.77,84,76,8.61,light rain
324,Praia,CV,14.9215,-23.5087,75.74,73,75,17.27,broken clouds
325,Karratha,AU,-20.7377,116.8463,73.81,72,12,5.35,few clouds
326,Santa Rosalia,MX,27.3167,-112.2833,69.33,46,88,9.48,overcast clouds
327,Saskylakh,RU,71.9167,114.0833,-11.97,97,100,6.82,overcast clouds
328,Ginda,IN,30.6945,78.4932,44.89,42,1,7.49,clear sky
329,Provideniya,RU,64.3833,-173.3,32.11,80,100,33.55,overcast clouds
330,Haines Junction,CA,60.7522,-137.5108,31.95,80,100,3.44,overcast clouds
331,Benguela,AO,-12.5763,13.4055,73.69,73,84,3.89,broken clouds
332,Andenes,NO,69.3143,16.1194,31.98,86,0,10.36,clear sky
333,Vagay,RU,57.9375,69.0217,7.34,91,100,7.9,overcast clouds
334,Pangnirtung,CA,66.1451,-65.7125,0.16,94,99,2.48,overcast clouds
335,Asau,RO,46.4333,26.4,36.52,63,44,5.32,scattered clouds
336,Capaccio,IT,40.4244,15.0809,56.07,79,91,4.21,overcast clouds
337,Gramsh,AL,40.8697,20.1844,54.97,91,78,1.39,broken clouds
338,Clarksdale,US,34.2001,-90.5709,46.38,71,100,13.8,overcast clouds
339,Jataizinho,BR,-23.2542,-50.98,86.58,26,0,12.66,clear sky
340,College,US,64.8569,-147.8028,17.55,90,100,5.75,overcast clouds
341,High Level,CA,58.5169,-117.136,35.71,80,75,12.66,smoke
342,Mezotur,HU,47.0,20.6333,47.98,92,81,4.43,broken clouds
343,Petropavlovsk-Kamchatskiy,RU,53.0452,158.6483,28.99,64,75,4.47,broken clouds
344,Kota Kinabalu,MY,5.9749,116.0724,75.18,94,20,3.44,few clouds
345,Houma,US,29.5958,-90.7195,57.2,86,100,17.27,overcast clouds
346,Alekseyevka,RU,50.6309,38.6903,31.42,60,100,8.75,overcast clouds
347,Buraydah,SA,26.326,43.975,73.85,24,0,11.68,clear sky
348,Sioux Lookout,CA,50.1001,-91.917,24.87,80,100,6.91,light snow
349,Lamu,KE,-2.2717,40.902,79.02,83,64,9.98,light rain
350,Komsomolskiy,UZ,40.4272,71.7189,47.12,71,40,4.61,scattered clouds
351,Alcanede,PT,39.415,-8.8219,62.65,94,100,4.29,overcast clouds
352,Vila,PT,42.0304,-8.1588,45.7,92,100,6.06,overcast clouds
353,Poltavka,RU,54.3663,71.7632,23.9,94,100,6.26,light snow
354,Laguna,US,38.421,-121.4238,68.31,34,0,13.8,clear sky
355,Ardesen,TR,41.1911,40.9875,56.57,66,3,3.13,clear sky
356,Bereda,ES,43.2686,-7.5406,53.42,100,99,7.99,overcast clouds
357,Saint George,US,37.1041,-113.5841,52.43,27,0,10.0,clear sky
358,Laguna De Perlas,NI,12.3429,-83.6712,80.69,88,100,10.83,overcast clouds
359,Tvoroyri,FO,61.5556,-6.8111,49.3,89,98,35.52,light rain
360,Thinadhoo,MV,0.5333,72.9333,81.32,74,98,14.85,overcast clouds
361,Barreirinha,BR,-2.7933,-57.07,88.95,48,96,4.43,overcast clouds
362,Biak,ID,-0.9131,122.8766,77.41,80,100,2.71,overcast clouds
363,Ajaccio,FR,42.0,8.9167,55.38,94,100,6.91,overcast clouds
364,Chiredzi,ZW,-21.05,31.6667,69.35,58,0,3.29,clear sky
365,Akola,IN,20.7333,77.0,66.0,48,0,2.95,clear sky
366,Cockburn Town,TC,21.4612,-71.1419,84.16,70,40,11.5,scattered clouds
367,Mancio Lima,BR,-7.6142,-72.8958,89.19,54,97,0.2,moderate rain
368,Meulaboh,ID,4.1363,96.1285,75.31,90,100,4.85,overcast clouds
369,Atbasar,KZ,51.8,68.3333,24.66,94,99,16.08,light snow
370,Milkovo,RU,54.7167,158.6167,21.31,84,100,8.34,overcast clouds
371,Baherden,TM,38.4362,57.4316,50.29,59,53,2.66,broken clouds
372,Orange Cove,US,36.6244,-119.3137,66.29,39,0,3.44,clear sky
373,Krasnoselkup,RU,65.7,82.4667,-16.71,85,3,10.11,clear sky
374,Teeli,RU,51.0333,90.2333,11.25,84,35,2.86,scattered clouds
375,Victoria,HK,22.2855,114.1577,75.38,85,30,7.0,scattered clouds
376,Mayo,US,38.8876,-76.5119,46.94,85,100,6.91,overcast clouds
377,Saint-Leu,RE,-21.15,55.2833,68.83,61,52,3.06,broken clouds
378,Zhezkazgan,KZ,47.8043,67.7144,24.3,56,91,21.74,overcast clouds
379,Maragogi,BR,-9.0122,-35.2225,77.59,82,19,8.5,few clouds
380,Takoradi,GH,4.8845,-1.7554,79.36,81,11,8.41,few clouds
381,Burgersdorp,ZA,-30.9977,26.3286,61.3,81,82,14.45,light rain
382,Saskatoon,CA,52.1168,-106.6345,22.98,92,100,12.66,overcast clouds
383,Clyde River,CA,70.4692,-68.5914,-3.77,71,20,12.66,few clouds
384,Gizo,SB,-8.103,156.8419,83.16,72,96,7.67,overcast clouds
385,Sechura,PE,-5.5569,-80.8222,72.61,61,100,13.85,overcast clouds
386,Khilchipur,IN,24.0333,76.5667,66.15,40,0,5.14,clear sky
387,Saint-Joseph,RE,-21.3667,55.6167,66.58,72,18,9.31,few clouds
388,Gushikawa,JP,26.3544,127.8686,70.83,77,100,5.75,overcast clouds
389,Antsohihy,MG,-14.8796,47.9875,71.92,87,100,2.24,light rain
390,Waipawa,NZ,-41.4122,175.5153,65.7,52,0,5.95,clear sky
391,Cuenca,EC,-2.8833,-78.9833,71.73,43,75,9.22,broken clouds
392,Jacqueville,CI,5.2052,-4.4146,80.53,78,11,10.54,few clouds
393,Umm Lajj,SA,25.0213,37.2685,77.67,70,0,6.76,clear sky
394,Nome,US,64.5011,-165.4064,24.87,80,20,19.57,few clouds
395,Margate,GB,51.3813,1.3862,51.31,92,100,1.99,overcast clouds
396,Berbera,SO,10.4396,45.0143,78.3,58,60,3.15,broken clouds
397,Koslan,RU,63.4564,48.8989,5.83,97,98,1.97,overcast clouds
398,Gawler,AU,-34.6,138.7333,53.47,87,82,2.04,broken clouds
399,Newry,GB,54.1784,-6.3374,47.1,81,100,5.3,overcast clouds
400,Stonewall,CA,50.1344,-97.3268,26.28,88,77,6.08,broken clouds
401,Yuanping,CN,38.7153,112.7575,37.22,44,22,0.87,few clouds
402,Parnamirim,BR,-5.9156,-35.2628,80.94,69,20,13.8,few clouds
403,Harper,LR,4.375,-7.7169,77.95,84,18,5.39,light rain
404,Turiacu,BR,-1.6633,-45.3717,79.3,71,22,6.55,few clouds
405,Vao,NC,-22.6667,167.4833,74.57,74,24,6.71,few clouds
406,Cabo San Lucas,MX,22.8909,-109.9124,83.61,62,10,4.0,clear sky
407,Boyle,US,37.6334,-84.8666,44.69,100,100,0.0,overcast clouds
408,Marshall,US,34.3834,-86.3333,50.41,94,100,4.61,overcast clouds
409,Manaure,CO,11.7751,-72.4445,85.71,69,78,16.8,broken clouds
410,Eenhana,NA,-17.4667,16.3333,82.67,33,99,5.39,overcast clouds
411,Mana,GF,5.6592,-53.7767,80.8,80,68,11.61,broken clouds
412,Burkburnett,US,34.0979,-98.5706,49.89,48,42,11.83,scattered clouds
413,Suna,RU,57.8338,50.0588,17.6,90,22,4.88,few clouds
414,Fukue,JP,32.6881,128.8419,59.47,53,2,14.67,clear sky
415,Escuinapa,MX,22.85,-105.8,84.51,40,0,7.74,clear sky
416,Vologda,RU,59.2187,39.8886,27.55,93,93,1.63,overcast clouds
417,Broome,US,42.2506,-75.833,37.71,71,100,6.91,light snow
418,Bandar-E Anzali,IR,37.4727,49.4622,55.51,83,99,5.88,light rain
419,Toccoa,US,34.5773,-83.3324,48.45,93,100,4.61,light rain
420,Oriximina,BR,-1.7656,-55.8661,91.24,45,86,5.59,overcast clouds
421,Ahipara,NZ,-35.1667,173.1667,65.34,85,100,1.1,overcast clouds
422,Jalu,LY,29.0331,21.5482,61.32,49,0,2.77,clear sky
423,Smithers,CA,54.7804,-127.1743,26.92,86,100,5.75,overcast clouds
424,Westport,US,41.1415,-73.3579,45.75,53,100,8.99,overcast clouds
425,Gat,IL,31.61,34.7642,66.07,100,11,4.27,few clouds
426,Minab,IR,27.1467,57.0801,79.12,69,0,3.44,clear sky
427,North Myrtle Beach,US,33.816,-78.68,67.08,97,100,4.61,overcast clouds
428,Kapuskasing,CA,49.4169,-82.4331,23.0,68,75,5.75,broken clouds
429,Honningsvag,NO,70.9821,25.9704,40.75,81,100,21.85,overcast clouds
430,Flin Flon,CA,54.7682,-101.865,13.84,85,100,5.75,overcast clouds
431,Ambilobe,MG,-13.2,49.05,74.71,82,80,1.99,light rain
432,Armizonskoye,RU,55.9461,67.6736,12.06,83,100,11.21,overcast clouds
433,Sao Geraldo Do Araguaia,BR,-6.4006,-48.555,80.47,79,67,2.64,broken clouds
434,Moron,AR,-34.6534,-58.6198,89.35,31,0,7.96,clear sky
435,Muzhi,RU,65.3667,64.6667,-14.06,91,11,3.51,few clouds
436,Umea,SE,63.8284,20.2597,22.93,100,0,3.44,clear sky
437,Norsup,VU,-16.0667,167.3833,82.06,74,11,6.91,few clouds
438,Vaitape,PF,-16.5167,-151.75,78.39,77,99,1.41,light rain
439,Adrar,MR,20.5022,-10.0711,74.1,30,2,9.95,clear sky
440,Gull Lake,CA,50.1001,-108.4847,26.56,91,100,4.45,overcast clouds
441,Walvis Bay,NA,-22.9575,14.5053,60.1,82,0,6.91,clear sky
442,Pilar,BR,-9.5972,-35.9567,80.53,82,14,8.19,few clouds
443,Havre,FR,49.5833,0.3333,51.57,76,40,11.5,scattered clouds
444,Finnsnes,NO,69.2296,17.9811,12.81,92,76,5.28,broken clouds
445,Eirunepe,BR,-6.6603,-69.8736,85.41,64,80,3.6,broken clouds
446,Morondava,MG,-20.2833,44.2833,77.92,82,47,8.05,moderate rain
447,Denizli,TR,37.8402,29.0698,51.75,41,3,3.33,clear sky
448,Medeiros Neto,BR,-17.3739,-40.2206,78.28,78,100,12.97,overcast clouds
449,Bridgetown,BB,13.1,-59.6167,84.69,70,40,18.41,scattered clouds
450,Khovu-Aksy,RU,51.1333,93.6,12.72,87,40,5.3,scattered clouds
451,Orleans,US,30.0335,-89.9501,55.45,77,100,23.02,overcast clouds
452,Victor Harbor,AU,-35.5667,138.6167,48.69,76,96,9.1,overcast clouds
453,Sao Paulo De Olivenca,BR,-3.3783,-68.8725,87.62,62,95,4.18,light rain
454,Touros,BR,-5.1989,-35.4608,78.42,73,25,13.53,scattered clouds
455,Merauke,ID,-8.4667,140.3333,78.48,86,100,3.38,overcast clouds
456,Mega,ET,4.05,38.3,58.93,80,39,7.45,scattered clouds
457,Quatre Cocos,MU,-20.2078,57.7625,71.71,58,58,9.35,broken clouds
458,Kokstad,ZA,-30.5472,29.4241,59.56,78,94,4.65,overcast clouds
459,Lewisporte,CA,49.2499,-55.0482,31.71,93,100,6.02,overcast clouds
460,Rosarito,MX,32.3333,-117.0333,75.42,38,6,9.53,clear sky
461,Flinders,AU,-34.5833,150.8552,55.18,73,19,4.0,few clouds
462,Jiangkou,CN,25.4872,119.1986,64.92,88,100,12.3,overcast clouds
463,Whitecourt,CA,54.1502,-115.6855,40.24,60,75,14.97,broken clouds
464,Anuradhapura,LK,8.3565,80.4173,72.0,96,100,2.8,overcast clouds
465,Mao,ES,39.8885,4.2658,68.56,83,20,17.27,few clouds
466,Santander,ES,43.4647,-3.8044,58.46,91,75,1.99,broken clouds
467,Bystryy Istok,RU,52.371,84.3873,38.95,66,100,21.74,overcast clouds
468,Horizontina,BR,-27.6258,-54.3078,73.99,49,0,5.32,clear sky
469,Srednekolymsk,RU,67.45,153.6833,-28.19,100,48,7.74,scattered clouds
470,Puerto Ayacucho,VE,5.6639,-67.6236,84.67,77,100,3.94,moderate rain
471,Tlacotepec,MX,20.0667,-97.8667,59.49,98,100,3.94,light rain
472,Batemans Bay,AU,-35.7167,150.1833,49.93,79,33,3.89,scattered clouds
473,Berlevag,NO,70.8578,29.0864,40.95,81,100,28.77,light intensity drizzle
474,Belyy Yar,RU,53.6039,91.3903,35.49,75,0,11.18,clear sky
475,San Pedro,PH,14.35,121.0167,77.32,94,20,1.14,few clouds
476,Svetlogorsk,BY,52.6333,29.7333,36.7,93,45,5.06,scattered clouds
477,Kaabong,UG,3.4836,34.1492,68.0,63,76,9.19,broken clouds
478,Mahibadhoo,MV,3.7833,72.9667,81.3,75,88,11.54,overcast clouds
479,Te Anau,NZ,-45.4167,167.7167,59.77,74,100,3.58,overcast clouds
480,Kaitangata,NZ,-46.2817,169.8464,58.96,72,100,2.86,overcast clouds
481,Urumqi,CN,43.801,87.6005,31.15,75,97,4.47,mist
482,Hualmay,PE,-11.0964,-77.6139,68.4,73,41,10.27,scattered clouds
483,Naze,JP,28.3667,129.4833,65.32,68,100,12.55,overcast clouds
484,Ust-Tarka,RU,55.5672,75.705,25.63,95,99,11.16,overcast clouds
485,Sri Aman,MY,1.2376,111.4621,75.25,94,100,0.0,overcast clouds
486,Tilichiki,RU,60.4667,166.1,23.04,95,100,10.65,light snow
487,Lindi,TZ,-10.0,39.7167,74.75,88,18,2.93,few clouds
488,Ngunguru,NZ,-35.6167,174.5,64.13,94,47,6.69,scattered clouds
489,Waddan,LY,29.1614,16.139,64.17,32,1,3.33,clear sky
490,Hereford,GB,52.0568,-2.7148,48.06,94,62,1.01,broken clouds
491,Turayf,SA,31.6725,38.6637,59.25,88,0,11.5,clear sky
492,Souris,CA,49.6172,-100.2612,22.86,87,93,5.64,overcast clouds
493,Kanigiri,IN,15.4,79.5167,71.02,88,0,1.66,clear sky
494,Wadi Musa,JO,30.3222,35.4793,53.04,90,75,5.26,broken clouds
495,Nicoya,CR,10.1483,-85.452,79.65,84,100,5.37,overcast clouds
496,Fochville,ZA,-26.4886,27.4939,67.08,47,25,4.56,scattered clouds
497,San Antonio,US,29.4241,-98.4936,59.52,46,0,8.05,clear sky
498,Anqing,CN,30.5092,117.0506,50.38,71,60,4.45,broken clouds
499,Umba,RU,66.6871,34.3429,33.57,87,100,9.37,overcast clouds
500,Gold Coast,AU,-28.0,153.4333,73.99,82,3,5.75,clear sky
501,Isangel,VU,-19.55,169.2667,80.71,74,0,2.3,clear sky
502,Kainantu,PG,-6.2887,145.8655,62.65,91,95,0.58,overcast clouds
503,Santa Marta,CO,11.2408,-74.199,89.65,76,40,11.99,scattered clouds
504,Ukhta,RU,63.5671,53.6835,-12.91,100,65,2.51,broken clouds
505,Kargasok,RU,59.0556,80.8572,20.59,96,100,9.95,light snow
506,Aripuana,BR,-9.1667,-60.6333,74.7,96,99,1.52,overcast clouds
507,Elko,US,41.0002,-115.5012,34.74,53,3,13.0,clear sky
508,Vieste,IT,41.8825,16.175,61.21,74,100,10.94,overcast clouds
509,Kathu,TH,7.9178,98.3332,83.75,88,100,7.76,overcast clouds
510,Salalah,OM,17.0151,54.0924,74.73,65,2,1.16,clear sky
511,Batagay,RU,67.6333,134.6333,-36.22,98,82,3.51,broken clouds
512,Udomlya,RU,57.8794,34.9925,27.0,94,99,5.86,overcast clouds
513,Kedgwick,CA,47.6446,-67.3434,25.56,92,100,4.52,overcast clouds
514,Kalnciems,LV,56.8011,23.6097,37.45,76,94,12.37,overcast clouds
515,Mogocha,RU,53.7333,119.7667,-0.42,98,15,2.46,few clouds
516,Kirensk,RU,57.7853,108.1119,20.62,98,100,1.86,overcast clouds
517,Santa Maria,BR,-29.6842,-53.8069,81.7,28,0,11.5,clear sky
518,Niamey,NE,13.5137,2.1098,82.69,15,0,4.61,clear sky
519,Tambacounda,SN,13.7539,-13.7586,82.45,54,0,4.61,clear sky
520,Mnogovershinnyy,RU,53.9353,139.9242,13.57,97,96,1.39,snow
521,Tongliao,CN,43.6125,122.2653,22.62,75,1,8.59,clear sky
522,Nyurba,RU,63.2842,118.3319,-20.87,97,100,3.15,overcast clouds
523,Kasongo-Lunda,CD,-6.4667,16.8167,73.13,78,100,1.99,overcast clouds
524,Noumea,NC,-22.2763,166.4572,78.01,99,0,1.57,clear sky
525,Comodoro Rivadavia,AR,-45.8667,-67.5,84.06,20,0,21.85,clear sky
526,Ulladulla,AU,-35.35,150.4667,51.58,68,36,3.89,scattered clouds
527,Puerto Carreno,CO,6.189,-67.4859,93.18,55,40,8.05,scattered clouds
528,Kavieng,PG,-2.5744,150.7967,82.09,70,99,11.72,overcast clouds
529,Broken Hill,AU,-31.95,141.4333,49.95,63,1,15.43,clear sky
530,Mayor Pablo Lagerenza,PY,-19.9309,-60.7718,93.54,26,5,5.5,clear sky
531,Kisangani,CD,0.5167,25.2,70.29,96,100,2.51,overcast clouds
532,Shangqiu,CN,34.45,115.65,47.35,65,54,5.23,broken clouds
533,Kalengwa,ZM,-13.4659,25.0027,65.86,83,95,4.0,overcast clouds
534,Nsanje,MW,-16.92,35.262,72.97,88,6,2.73,clear sky
535,Lucapa,AO,-8.4192,20.7447,66.09,94,99,2.42,light rain
536,Solwezi,ZM,-12.1688,26.3894,61.25,94,98,3.42,overcast clouds
537,Ulagan,RU,50.6321,87.9563,18.18,84,46,2.64,scattered clouds
538,Marsaxlokk,MT,35.8419,14.5431,70.09,73,0,5.75,clear sky
539,Plonsk,PL,52.6235,20.3755,40.6,92,10,6.82,clear sky
540,Aanekoski,FI,62.6946,25.818,28.67,100,100,5.41,overcast clouds
541,Robertsport,LR,6.7533,-11.3686,78.98,79,100,3.29,light rain
542,Poum,NC,-20.2333,164.0167,77.13,80,5,8.43,clear sky
543,Selizharovo,RU,56.8519,33.4487,28.24,96,99,6.73,overcast clouds
544,Kalabo,ZM,-14.97,22.6814,73.47,65,56,5.06,broken clouds
545,Kutum,SD,14.2,24.6667,64.65,25,4,10.54,clear sky
546,Hinton,CA,53.4001,-117.5857,39.85,90,13,2.57,few clouds
547,Hay River,CA,60.8156,-115.7999,24.78,74,40,23.02,scattered clouds
548,Cochirleanca,RO,45.2167,27.0333,45.27,87,98,15.99,overcast clouds
549,Valdivia,CL,-39.8142,-73.2459,63.57,69,71,5.79,broken clouds
550,Teguldet,RU,57.3064,88.1667,33.75,97,100,10.27,light snow
551,Lavrentiya,RU,65.5833,-171.0,29.91,82,100,30.76,overcast clouds
552,Tual,ID,-5.6667,132.75,82.89,75,100,6.33,light rain
553,Bud,US,39.447,-86.1758,41.02,78,100,6.44,overcast clouds
554,Swellendam,ZA,-34.0226,20.4417,63.55,65,15,2.01,few clouds
555,Alta Floresta,BR,-9.8756,-56.0861,82.81,66,69,1.21,broken clouds
556,Praia Da Vitoria,PT,38.7333,-27.0667,66.45,82,40,11.07,scattered clouds
557,Phuket,TH,8.0,98.25,84.13,94,40,2.3,scattered clouds
558,Nyaunglebin,MM,17.95,96.7333,71.58,90,33,3.58,scattered clouds
559,Mitchell,US,43.7094,-98.0298,26.11,71,100,13.0,overcast clouds
560,Sola,VU,-13.8833,167.55,77.67,100,0,0.0,clear sky
561,Muisne,EC,0.6,-80.0333,76.17,78,81,11.34,broken clouds
562,Ust-Ordynskiy,RU,52.805,104.7508,20.01,91,92,4.45,overcast clouds
563,Cedar City,US,37.6775,-113.0619,34.39,54,0,12.84,clear sky
564,Mendoza,AR,-32.8908,-68.8272,90.93,16,0,8.05,clear sky
565,Aginskoye,RU,51.1,114.53,15.75,88,84,2.3,broken clouds
566,Halifax,CA,44.6453,-63.5724,38.44,66,75,12.66,broken clouds
567,Kiruna,SE,67.8557,20.2251,5.92,85,20,6.91,few clouds
568,Vershino-Darasunskiy,RU,52.35,115.5167,7.11,98,48,1.14,scattered clouds
569,Christchurch,NZ,-43.5333,172.6333,67.95,79,100,9.22,overcast clouds
570,Chililabombwe,ZM,-12.3648,27.8229,64.24,92,89,5.23,overcast clouds
571,Yar-Sale,RU,66.8333,70.8333,-11.22,93,25,4.25,scattered clouds
572,Sungai Padi,TH,6.0851,101.8766,76.78,98,100,1.79,overcast clouds
573,Marzuq,YE,14.4,46.4667,63.45,53,0,1.59,clear sky
574,Strezhevoy,RU,60.7333,77.5889,7.16,91,100,11.21,overcast clouds
575,Novozybkov,RU,52.5396,31.9275,38.57,94,54,5.19,broken clouds
576,Mugla,TR,37.2303,28.3557,44.67,73,0,1.36,clear sky
577,Athabasca,CA,54.7169,-113.2854,37.81,78,15,14.45,few clouds
578,Amapa,BR,1.0,-52.0,79.81,73,100,1.81,overcast clouds
579,Vardo,NO,70.3705,31.1107,41.23,74,100,26.49,overcast clouds
580,Hof,DE,50.3167,11.9167,47.5,85,100,5.99,overcast clouds
581,Charters Towers,AU,-20.1,146.2667,79.56,30,91,10.56,overcast clouds
582,Kuching,MY,1.55,110.3333,76.12,100,40,5.01,light rain
583,Shellbrook,CA,53.2168,-106.4011,24.03,94,99,4.27,overcast clouds
584,Bilibino,RU,68.0546,166.4372,0.05,88,100,9.01,overcast clouds
585,Oum Hadjer,TD,13.2954,19.6966,77.95,22,7,9.93,clear sky
586,Khonsa,IN,27.0167,95.5667,55.69,83,0,3.24,clear sky
587,Mathathane,BW,-22.2687,28.7495,75.88,44,0,6.76,clear sky
588,Buala,SB,-8.145,159.5921,82.27,75,87,4.27,light rain
589,Portland,US,45.5234,-122.6762,57.61,49,2,15.99,clear sky
590,Redlands,US,34.0556,-117.1825,72.72,26,0,4.0,clear sky
591,Niono,ML,14.2526,-5.993,86.04,15,100,8.99,overcast clouds
592,Caravelas,BR,-17.7125,-39.2481,76.98,85,100,10.11,overcast clouds
593,Moose Factory,CA,51.2585,-80.6094,21.2,79,75,6.91,broken clouds
594,Tourlaville,FR,49.6383,-1.5664,49.42,81,40,9.22,scattered clouds
595,Puri,IN,19.8,85.85,63.12,56,0,7.47,clear sky
596,Banda Aceh,ID,5.5577,95.3222,78.93,79,100,14.36,light rain
597,Vitim,RU,59.4511,112.5578,-0.58,94,100,2.71,overcast clouds
598,Taltal,CL,-25.4,-70.4833,64.6,75,32,5.28,scattered clouds
599,Turbat,PK,26.0023,63.044,74.59,77,0,2.64,clear sky
600,Mayskiy,RU,47.6931,40.1025,27.81,52,44,5.99,scattered clouds
601,Bemidji,US,47.4736,-94.8803,31.05,90,40,0.0,scattered clouds
602,Ximei,CN,24.9639,118.3794,65.61,89,98,2.86,overcast clouds
603,Aitape,PG,-3.1374,142.3475,76.23,87,56,4.76,broken clouds
604,Ponta Pora,BR,-22.5361,-55.7256,80.51,32,0,4.61,clear sky
605,Port-Cartier,CA,50.0334,-66.8654,26.28,81,67,7.02,broken clouds
606,Huangmei,CN,30.1924,116.025,54.18,64,93,4.63,overcast clouds
607,Atasu,KZ,48.6814,71.6433,26.35,79,89,21.0,overcast clouds
608,Vangaindrano,MG,-23.35,47.6,71.73,79,100,7.52,light rain
609,Manzhouli,CN,49.6,117.4333,13.71,90,50,5.21,scattered clouds
610,Turinsk,RU,58.0458,63.696,4.44,89,99,10.0,overcast clouds
611,Atar,MR,20.5169,-13.0499,80.62,26,5,15.9,clear sky
612,Bijar,IR,35.8668,47.6051,37.51,39,0,4.9,clear sky
613,Hazorasp,UZ,41.3194,61.0742,40.84,59,34,8.14,scattered clouds
614,Frankfort,ZA,-27.2667,28.4833,60.17,68,6,3.85,clear sky
615,Saint-Denis,FR,48.9167,2.3333,55.56,91,100,11.5,overcast clouds
616,Red Bank,US,40.3471,-74.0643,48.87,68,100,8.01,overcast clouds
617,Vilhena,BR,-12.7406,-60.1458,86.22,58,40,8.05,light rain
618,Yambio,SS,4.5721,28.3955,70.09,75,63,3.0,broken clouds
619,Methoni,GR,36.8197,21.7049,62.22,78,92,6.71,overcast clouds
620,Impfondo,CG,1.6381,18.0667,72.01,95,100,2.04,light rain
621,Aligudarz,IR,33.4006,49.6949,42.57,53,0,3.78,clear sky
622,Grand Gaube,MU,-20.0064,57.6608,72.0,66,68,4.0,broken clouds
623,Kuliyapitiya,LK,7.4688,80.0401,76.68,97,89,3.15,overcast clouds
624,Key West,US,24.5557,-81.7826,82.0,78,4,8.99,clear sky
625,Kastamonu,TR,41.5,33.6667,39.67,76,88,0.36,overcast clouds
626,Mailsi,PK,29.8003,72.1758,62.17,44,0,5.82,clear sky
627,Shakhtinsk,KZ,49.71,72.5872,26.26,79,80,18.54,broken clouds
628,Alibag,IN,18.6411,72.8792,78.87,70,4,5.01,clear sky
629,Hialeah Gardens,US,25.8651,-80.3245,88.02,71,0,7.74,clear sky
630,Ossipee,US,43.6854,-71.1167,37.78,67,100,1.14,overcast clouds
631,Mirador,BR,-6.3708,-44.3631,80.74,69,82,0.49,broken clouds
632,La Ronge,CA,55.1001,-105.2842,26.85,74,75,5.75,light snow
633,Atambua,ID,-9.1061,124.8925,75.79,85,93,1.1,overcast clouds
634,Ulma,DE,48.3984,9.9916,50.36,93,100,2.3,overcast clouds
635,Abu Kamal,SY,34.4506,40.9171,64.85,36,9,13.49,clear sky
636,Yichang,CN,30.7144,111.2847,57.92,63,96,1.5,overcast clouds
637,Aguimes,ES,27.9054,-15.4461,70.43,40,0,8.05,clear sky
638,Louga,RU,58.7372,29.8453,32.61,88,100,8.34,overcast clouds
639,Ouricuri,BR,-7.8825,-40.0817,84.99,40,82,1.34,broken clouds
640,Quelimane,MZ,-17.8786,36.8883,76.95,78,20,5.01,few clouds
641,Padang,ID,-0.9492,100.3543,75.33,88,100,5.66,overcast clouds
642,Ulaanbaatar,MN,47.9077,106.8832,18.41,72,83,3.83,broken clouds
643,Whitehorse,CA,60.7161,-135.0538,33.1,93,100,3.44,mist
644,Yumen,CN,40.2833,97.2,30.6,33,0,3.0,clear sky
645,Paraiso,CR,9.8383,-83.8656,73.31,98,100,3.27,overcast clouds
646,Dongsheng,CN,39.8161,109.9776,32.68,40,76,8.48,broken clouds
647,Grindavik,IS,63.8424,-22.4338,51.75,93,100,11.5,light intensity drizzle
648,Le Mont-Sur-Lausanne,CH,46.5582,6.6315,52.07,96,100,1.95,overcast clouds
649,Gagnoa,CI,6.1293,-5.9437,72.16,94,67,2.42,broken clouds
650,Sampit,ID,-2.5333,112.95,72.73,99,100,3.58,overcast clouds
651,Kulhudhuffushi,MV,6.6221,73.07,81.01,77,97,9.64,overcast clouds
652,Gaogou,CN,34.0175,119.1886,45.99,62,17,0.69,few clouds
653,Praya,CV,14.9215,-23.5087,75.74,73,75,17.27,broken clouds
654,Juventino Rosas,MX,20.65,-101.0,80.67,18,3,7.38,clear sky
655,Petapa,GT,14.5028,-90.5517,81.75,47,20,16.11,few clouds
656,Naron,ES,43.5167,-8.1528,57.6,85,100,15.28,overcast clouds
657,Omsukchan,RU,62.5333,155.8,-13.22,83,93,5.73,overcast clouds
658,Buloh Kasap,MY,2.5536,102.764,74.79,97,100,1.72,overcast clouds
659,Maxixe,MZ,-23.8597,35.3472,67.82,74,0,2.46,clear sky
660,Bilma,NE,18.6853,12.9164,69.87,23,21,7.58,few clouds
661,Zhanaozen,KZ,43.3,52.8,31.89,72,43,5.61,scattered clouds
662,Palmer,US,42.1584,-72.3287,41.25,52,100,1.01,overcast clouds
663,Anori,BR,-3.7728,-61.6442,82.78,80,100,3.6,overcast clouds
664,Maniitsoq,GL,65.4167,-52.9,22.01,87,100,11.03,light snow
665,Port Moresby,PG,-9.4431,147.1797,76.42,94,20,5.75,few clouds
666,Surskoye,RU,54.4821,46.7214,21.24,94,53,3.71,broken clouds
667,Hervey Bay,AU,-25.2986,152.8535,72.72,50,99,5.17,overcast clouds
668,Inverell,AU,-29.7833,151.1167,61.66,77,0,3.0,clear sky
669,Great Yarmouth,GB,52.6083,1.7305,54.01,86,100,16.4,light rain
670,Vanino,RU,49.0869,140.2543,19.02,78,45,4.68,scattered clouds
671,Riyadh,SA,24.6877,46.7219,71.74,29,0,9.57,clear sky
672,Greaca,RO,44.1094,26.3394,46.2,78,61,3.91,broken clouds
673,Tessalit,ML,20.1986,1.0114,74.79,16,100,6.51,overcast clouds
674,Lufilufi,WS,-13.8745,-171.5986,85.78,74,100,18.37,overcast clouds
675,Mudkhed,IN,19.1667,77.5167,62.76,52,0,1.74,clear sky
676,La Asuncion,VE,11.0333,-63.8628,87.53,66,6,16.11,light rain
